{
  "model_name": "Qwen/Qwen3-8B",
  "adapter_path": "/workspace/NLP_Project/adapters/qa_1_131072/qa_1_131072_ep20_bs2_lr1e-3_r8_layers10_noGenQA",
  "needle_size": "131072",
  "needle_type": "qa_1",
  "data_file": "needles/131072/qa_1_131072.json",
  "benchmark_type": "all",
  "results": {
    "qa": {
      "exact_accuracy": 0.4,
      "partial_accuracy": 0.5,
      "exact_matches": 4,
      "partial_matches": 1,
      "total": 10
    },
    "perplexity": {
      "perplexity": 9.964122526537354,
      "average_loss": 2.2989908942469843,
      "total_tokens": 54
    },
    "glue": {
      "average_score": 0.24073059360730595,
      "task_results": {
        "sst2": {
          "score": 0.64,
          "predictions": [
            0,
            0,
            0,
            1,
            0,
            0,
            0,
            0,
            0,
            0,
            1,
            0,
            0,
            0,
            0,
            1,
            1,
            1,
            0,
            0,
            0,
            0,
            0,
            0,
            0,
            0,
            0,
            0,
            0,
            0,
            0,
            1,
            0,
            0,
            0,
            0,
            1,
            0,
            0,
            0,
            1,
            0,
            0,
            1,
            0,
            1,
            0,
            0,
            0,
            0,
            0,
            0,
            1,
            1,
            0,
            0,
            0,
            0,
            0,
            0,
            1,
            0,
            0,
            0,
            0,
            0,
            0,
            0,
            0,
            0,
            0,
            0,
            0,
            0,
            0,
            0,
            0,
            0,
            1,
            0,
            1,
            0,
            0,
            1,
            1,
            1,
            0,
            1,
            0,
            1,
            0,
            0,
            0,
            0,
            0,
            0,
            0,
            1,
            0,
            1
          ],
          "labels": [
            1,
            0,
            1,
            1,
            0,
            1,
            0,
            0,
            1,
            0,
            1,
            0,
            0,
            1,
            0,
            1,
            1,
            1,
            0,
            0,
            0,
            0,
            0,
            1,
            1,
            0,
            0,
            1,
            0,
            0,
            1,
            0,
            1,
            0,
            0,
            0,
            1,
            0,
            1,
            1,
            1,
            1,
            1,
            1,
            0,
            0,
            0,
            1,
            1,
            0,
            0,
            1,
            1,
            1,
            0,
            1,
            0,
            0,
            0,
            0,
            1,
            0,
            1,
            1,
            0,
            0,
            1,
            1,
            1,
            0,
            0,
            1,
            1,
            1,
            0,
            1,
            0,
            1,
            1,
            0,
            1,
            0,
            0,
            1,
            1,
            1,
            0,
            1,
            1,
            1,
            1,
            1,
            0,
            1,
            1,
            0,
            0,
            1,
            0,
            0
          ]
        },
        "mrpc": {
          "score": 0.0821917808219178,
          "predictions": [
            0,
            0,
            0,
            0,
            0,
            0,
            1,
            0,
            0,
            0,
            0,
            0,
            0,
            0,
            0,
            0,
            0,
            0,
            0,
            0,
            0,
            0,
            0,
            0,
            0,
            0,
            0,
            0,
            0,
            0,
            0,
            0,
            0,
            1,
            0,
            0,
            0,
            0,
            0,
            0,
            0,
            0,
            0,
            0,
            0,
            0,
            0,
            0,
            0,
            0,
            0,
            0,
            0,
            0,
            0,
            0,
            0,
            0,
            0,
            0,
            0,
            0,
            0,
            0,
            0,
            0,
            1,
            0,
            0,
            0,
            0,
            0,
            1,
            0,
            0,
            0,
            0,
            0,
            0,
            0,
            0,
            0,
            0,
            0,
            0,
            0,
            0,
            0,
            0,
            0,
            0,
            0,
            0,
            0,
            0,
            0,
            0,
            0,
            0,
            0
          ],
          "labels": [
            1,
            0,
            0,
            1,
            0,
            1,
            0,
            1,
            1,
            1,
            1,
            0,
            0,
            1,
            1,
            1,
            1,
            0,
            1,
            0,
            0,
            1,
            0,
            1,
            1,
            1,
            0,
            1,
            1,
            1,
            0,
            1,
            1,
            1,
            1,
            0,
            0,
            0,
            1,
            1,
            0,
            1,
            0,
            0,
            0,
            1,
            1,
            0,
            1,
            1,
            1,
            1,
            1,
            1,
            1,
            1,
            1,
            1,
            1,
            1,
            0,
            1,
            1,
            1,
            1,
            0,
            1,
            1,
            0,
            1,
            1,
            1,
            1,
            1,
            1,
            1,
            0,
            1,
            1,
            1,
            0,
            1,
            1,
            0,
            1,
            0,
            1,
            0,
            1,
            1,
            0,
            1,
            1,
            0,
            1,
            1,
            0,
            1,
            1,
            1
          ]
        },
        "qnli": {
          "score": 0,
          "predictions": [],
          "labels": []
        }
      }
    }
  },
  "qa_predictions": [
    {
      "question": "Answer the question based on the given documents. Only give me the answer and do not output any other words.\n\nQuestion: In what country is Normandy located?",
      "predicted": "Human\nHuman",
      "expected": "France"
    },
    {
      "question": "Answer the question based on the given documents. Only give me the answer and do not output any other words.\n\nQuestion: When were the Normans in Normandy?",
      "predicted": "10th and 11th centuries",
      "expected": "10th and 11th centuries"
    },
    {
      "question": "Answer the question based on the given documents. Only give me the answer and do not output any other words.\n\nQuestion: From which countries did the Norse originate?",
      "predicted": "Denmark, Iceland and Norway",