{
  "model_name": "Qwen/Qwen3-8B",
  "adapter_path": "/workspace/NLP_Project/adapters/qa_1_32768/qa_1_32768_ep20_bs2_lr1e-3_r8_layers10_genQA",
  "needle_size": "32768",
  "needle_type": "qa_1",
  "data_file": "needles/32768/qa_1_32768.json",
  "benchmark_type": "all",
  "results": {
    "qa": {
      "exact_accuracy": 0.26666666666666666,
      "partial_accuracy": 0.43333333333333335,
      "exact_matches": 8,
      "partial_matches": 5,
      "total": 30
    },
    "perplexity": {
      "perplexity": 33.16213072151442,
      "average_loss": 3.5014085839782454,
      "total_tokens": 11644
    },
    "glue": {
      "average_score": 0.18000000000000002,
      "task_results": {
        "sst2": {
          "score": 0.54,
          "predictions": [
            0,
            0,
            1,
            0,
            0,
            1,
            0,
            1,
            0,
            0,
            0,
            1,
            0,
            0,
            1,
            0,
            0,
            0,
            0,
            0,
            0,
            0,
            1,
            1,
            0,
            0,
            0,
            0,
            0,
            0,
            0,
            0,
            0,
            0,
            0,
            1,
            0,
            0,
            0,
            0,
            0,
            1,
            0,
            0,
            1,
            1,
            0,
            0,
            0,
            0,
            0,
            0,
            0,
            1,
            1,
            0,
            0,
            0,
            0,
            0,
            0,
            0,
            0,
            1,
            0,
            0,
            1,
            0,
            0,
            0,
            0,
            1,
            0,
            1,
            0,
            0,
            0,
            0,
            0,
            0,
            0,
            0,
            1,
            1,
            1,
            1,
            0,
            1,
            0,
            0,
            1,
            0,
            0,
            1,
            0,
            0,
            0,
            0,
            0,
            0
          ],
          "labels": [
            1,
            0,
            1,
            1,
            0,
            1,
            0,
            0,
            1,
            0,
            1,
            0,
            0,
            1,
            0,
            1,
            1,
            1,
            0,
            0,
            0,
            0,
            0,
            1,
            1,
            0,
            0,
            1,
            0,
            0,
            1,
            0,
            1,
            0,
            0,
            0,
            1,
            0,
            1,
            1,
            1,
            1,
            1,
            1,
            0,
            0,
            0,
            1,
            1,
            0,
            0,
            1,
            1,
            1,
            0,
            1,
            0,
            0,
            0,
            0,
            1,
            0,
            1,
            1,
            0,
            0,
            1,
            1,
            1,
            0,
            0,
            1,
            1,
            1,
            0,
            1,
            0,
            1,
            1,
            0,
            1,
            0,
            0,
            1,
            1,
            1,
            0,
            1,
            1,
            1,
            1,
            1,
            0,
            1,
            1,
            0,
            0,
            1,
            0,
            0
          ]
        },
        "mrpc": {
          "score": 0.0,
          "predictions": [
            0,
            0,
            0,
            0,
            0,
            0,
            0,
            0,
            0,
            0,
            0,
            0,
            0,
            0,
            0,
            0,
            0,
            0,
            0,
            0,
            0,
            0,
            0,
            0,
            0,
            0,
            0,
            0,
            0,
            0,
            0,
            0,
            0,
            0,
            0,
            0,
            0,
            0,
            0,
            0,
            0,
            0,
            0,
            0,
            0,
            0,
            0,
            0,
            0,
            0,
            0,
            0,
            0,
            0,
            0,
            0,
            0,
            0,
            0,
            0,
            0,
            0,
            0,
            0,
            0,
            0,
            0,
            0,
            0,
            0,
            0,
            0,
            0,
            0,
            0,
            0,
            0,
            0,
            0,
            0,
            0,
            0,
            0,
            0,
            0,
            0,
            0,
            0,
            0,
            0,
            0,
            0,
            0,
            0,
            0,
            0,
            0,
            0,
            0,
            0
          ],
          "labels": [
            1,
            0,
            0,
            1,
            0,
            1,
            0,
            1,
            1,
            1,
            1,
            0,
            0,
            1,
            1,
            1,
            1,
            0,
            1,
            0,
            0,
            1,
            0,
            1,
            1,
            1,
            0,
            1,
            1,
            1,
            0,
            1,
            1,
            1,
            1,
            0,
            0,
            0,
            1,
            1,
            0,
            1,
            0,
            0,
            0,
            1,
            1,
            0,
            1,
            1,
            1,
            1,
            1,
            1,
            1,
            1,
            1,
            1,
            1,
            1,
            0,
            1,
            1,
            1,
            1,
            0,
            1,
            1,
            0,
            1,
            1,
            1,
            1,
            1,
            1,
            1,
            0,
            1,
            1,
            1,
            0,
            1,
            1,
            0,
            1,
            0,
            1,
            0,
            1,
            1,
            0,
            1,
            1,
            0,
            1,
            1,
            0,
            1,
            1,
            1
          ]
        },
        "qnli": {
          "score": 0,
          "predictions": [],
          "labels": []
        }
      }
    }
  },
  "qa_predictions": [
    {
      "question": "Answer the question based on the given documents. Only give me the answer and do not output any other words.\n\nQuestion: In what country is Normandy located?",
      "predicted": "",
      "expected": "France"
    },
    {
      "question": "Answer the question based on the given documents. Only give me the answer and do not output any other words.\n\nQuestion: When were the Normans in Normandy?",
      "predicted": "10th century",
      "expected": "10th and 11th centuries"
    },
    {
      "question": "Answer the question based on the given documents. Only give me the answer and do not output any other words.\n\nQuestion: From which countries did the Norse originate?",
      "predicted": "Oman and China",